,0,1,2,3,4
340,0.8283538091115774,0.5168263835137421,0.3545233216734681,0.5018964267028454,0.7392779764732784
387,-1.8418002353682497,-1.1547562209539273,-1.6480910910926414,-0.9310461370360927,-1.403441378351834
523,0.7299268641373226,1.1403038412918245,0.5640749284159068,0.7951185132911367,0.9033946586386875
119,-1.501196469964035,-0.44134099982024555,-1.3893838333567494,0.2382773125367974,-1.0484704634165838
197,0.379057545795897,0.6303631278459113,0.5469641436458877,0.19790075152620315,0.6209660277736481
555,-2.2926554410027467,-0.650728113759151,-1.8342555285138256,-0.1993462902313987,-1.2727799628534442
120,0.4279546090324854,-0.23622162442267522,0.21719423203553187,0.6881285299611513,0.27041324228974745
428,-2.1370354028847283,-0.272260948386557,-1.5955552436627738,0.40982239626674727,-1.047282763638322
520,-1.8187152089791305,0.397672391316346,-1.2013085555018646,1.320859155371583,-0.28989124564037344
547,0.6928788828808087,0.33787652467724333,1.14489130270616,0.817339385024795,0.42524914132038116
453,-2.1373209225671266,-0.41059697903016773,-1.7179628136754477,0.524572893117489,-0.9062785322986733
473,0.7073442930194686,0.4521838291889501,1.2650770395951938,0.9071008184187952,0.9667847547709096
590,-2.049391719254378,-0.8986838973000107,-1.7471829465351845,-0.5406291995849863,-1.4091892118608498
416,1.0904413382214861,0.9283835131470777,0.8547925423618725,0.5497533496973918,0.7285204193812417
461,0.8832013882313738,0.4143433753104079,0.5603438933973177,0.9248664831711828,0.9241741093433338
66,-2.416165515858816,-0.30716683700339387,-1.6489802619919565,0.7965785993538705,-0.8528306462502265
372,-2.173499352584655,-0.17724920531757848,-1.3477640155949129,0.6453034727518367,-0.6171757642977219
596,-2.29392369392446,-0.44731514385572546,-1.86172783351576,0.38946592175863287,-1.0680478668029052
233,-1.407176006969621,0.11736575478519344,-1.4094506043750394,0.8239374137920288,-0.31453697338925557
573,-2.207229171515768,-0.27358680443598726,-1.5618449392949123,0.8216018722317753,-0.9989281620553788
571,-0.047930342466698514,1.4314674881865577,0.7162328772920664,1.451594013330444,0.5331519992499382
154,0.4403870877948904,0.6054097992476992,0.37884952304384345,0.6429126080994118,0.35733412693755323
594,-2.0152168517709903,0.35807219247829564,-1.469790339418824,1.3051775718900895,-0.530207745149461
380,-1.6667020274672149,-1.238886210927405,-1.586255876581119,-1.1410816322075559,-1.4530574020010603
311,1.0110272059723653,0.36169396506176293,0.6063603945363761,1.0918822706362081,0.5978272773800914
202,-1.9387918956290968,-0.6985967514918363,-1.5984467188933533,-0.457026244314004,-1.0370196021015712
138,0.24973040343559788,0.18898474974500043,0.6922950157741251,0.6184948109939421,0.601160886753564
134,0.6382311679330794,0.17599093713622493,0.6359622002636298,-0.10479107062806121,0.38940907701318783
266,-1.6869744846588346,-0.23509510879823253,-1.2767764802729857,0.7174535745010462,-0.599282903611891
564,-1.0456575457201234,0.9543998750361945,-0.5629551834262286,1.8102568320304422,0.1531512712637373
1,-1.6502581924251811,-0.3500330692867405,-1.1271713542640382,-0.25162251468115054,-1.147113794917438
410,-1.5951431454205838,0.46149462957493403,-1.0043751190720858,1.4221482901326707,-0.20644999614665163
125,-1.8621026968366459,-0.6018630143540784,-1.5487959067400385,-0.319363630177816,-1.124119813368627
263,-1.8351674650045147,-0.18602468622028884,-1.416318450679043,0.2907754556080505,-0.6239659421155006
599,-1.5875893040915523,-1.2918703490291634,-1.5283987566340171,-1.303350609312999,-1.4659634624760043
9,0.8763772728961925,0.9185687221802291,0.9280609979553529,0.43034173401117676,1.085077294946571
204,0.4671877960487112,0.5777070227878358,0.5925378617637174,1.0827453418643473,0.8476081568140856
289,1.0273154805965812,0.404623895845803,0.8767338266908258,0.27588924917979546,0.47682774868999295
41,-1.9621953882590333,-0.17121745181004802,-1.4256810910116617,0.9230642510285084,-0.5938117665676953
11,0.353563706300309,0.5847427087618662,0.42402967878640274,0.9435492393570354,0.5164212730272427
507,0.9077442265251138,0.2105618526943702,0.6700335387515237,0.4872829356200254,0.5998853497164385
28,-1.8662216454587286,-0.8589303433206309,-1.685395406626092,-0.6178876849762625,-1.3407012962025642
206,0.46177941452569843,0.5222491182393799,0.6783715350178651,0.1498812505394779,0.8648147155920596
130,0.25010567321305743,0.3553671195794348,-0.04856359410143082,0.5445913602764245,0.3101115878606219
401,0.8509645096056899,0.6463323472362212,0.6206392288517161,0.9744420789036965,0.6255694563058809
232,-1.7577062228946323,-1.1553821871001773,-1.6345933746560948,-0.9534912674386092,-1.3606097450658807
476,0.7816889135527558,0.719721366520044,0.3707013116462263,1.2320794410982752,0.7824702222337724
93,0.0956636825486601,1.3948320691141578,0.22683238736359407,1.3034642800596896,0.6431587298520126
229,0.7594515256313887,0.31679531053715765,1.0161717813535434,0.7378809617256964,0.2956403518546523
87,0.5813170404607784,1.1779651022546909,0.7367113947593746,0.4344763436452465,0.45740898769909366
55,1.0401563550312694,0.23433255607852693,0.5708881694877841,1.0174720964276343,0.8137181610684033
486,0.8465981485432743,0.5269044065723458,0.6244732176609699,1.213472175978674,0.5750324163069497
216,-1.5553968333292922,0.07233388022955702,-1.10062887789358,0.7253709714682253,-0.7201256547213541
166,-1.6618368899603393,-0.40684226087874237,-1.4105435069530414,0.2962160153130799,-0.6589148664046521
561,-2.129976899650227,-0.7817028136409186,-1.8641698634976769,0.014405589874233328,-1.2524531662326988
319,0.8766945520741173,0.4290810667595166,0.8197634262438563,0.6972973062388528,0.959934873887987
607,-1.712926271416556,0.7706426832607407,-1.0796762607700254,1.5066594830232933,-0.22490974593313742
201,-0.9401396351901076,0.6327978710304135,-0.5424741925385166,1.1400371191079262,-0.15318561226816094
62,-2.316934575995172,-0.28116028273027605,-1.7634002657874976,0.7194326491942711,-1.07179458302544
10,-1.451070715033758,0.04026227677429077,-1.05595793097419,0.6185037004667389,-0.3697907449340713
301,-0.8098945145168144,0.567435588299956,-0.45759235677183807,1.6008437724326046,0.020504996315871618
438,-2.063030004965804,-0.9373879880297105,-1.6723013100716047,-0.4446175688516195,-1.3637991170861765
423,0.6040197018830339,0.6652040680898706,0.5098155100935854,0.5611589371529233,0.9276075950626191
369,-1.025538795406606,0.7712028240231122,-0.5397067403264235,1.4822519497186712,0.16881796164656018
169,-1.6265359946243598,-0.6538870900118069,-1.5284965089969222,-0.032888587017712155,-0.9763994616433537
477,-2.092141663539331,-0.8906106133563599,-1.7094198064656496,-0.3280356300600629,-1.3532752484871355
139,-1.4982620020478774,-0.20622104655732726,-1.2521735429152587,0.13898051459292707,-0.9289800773252368
562,-1.9733381435211914,0.025983359724906903,-1.4181622867691979,1.282111933946213,-0.663032798024428
70,0.9402845592541625,0.7649771103555826,0.7976870749123038,0.8629388857918548,0.6966855478182225
161,0.38279079804950494,0.27947999910920035,0.4502483143548058,0.29398187200747095,0.753725841056083
280,-1.7727953554795135,-0.22508557312727545,-1.2317152883301732,0.7537380297317212,-0.7922326305380148
394,0.6083097396971137,0.9439447970279269,0.4327310811281003,0.5800788350082142,0.3751143814107222
54,0.6923509145766191,0.9247521505017909,0.49075949708246186,0.8127415790370752,0.6215290227102157
506,0.9451251866811275,1.0179314717766816,0.5896820378065457,1.2828765972420042,0.743718577855247
508,0.9643535787855617,0.8218305207852822,0.7114203975657875,0.5949149160182396,1.165655318636185
396,0.6588683001353077,0.5400207938173388,0.6601135343628918,1.0398104198222051,0.6250750576178654
435,0.897681408608172,0.31074207219092664,0.9528854113702748,0.2965537250940767,1.1207273047233153
505,1.1581670952591603,1.0078012888750578,0.6357569832292741,0.6544009944393185,0.7152911437332323
551,-0.3458493140364083,0.9779809206216421,-0.03592157636324307,1.8305572702200965,0.49467706174926046
122,-1.696101617387287,-0.7517868535836159,-1.2945179891128398,-0.15203336435303946,-1.2061189904516156
215,-0.3308919826857084,0.523907674287312,0.19256209755272288,1.5160965412701295,0.6813120763830984
475,-1.3979345507066643,0.6975766809943472,-0.8740012784623598,1.4990153618395547,-0.2858049345137103
220,-1.6322885233423783,-0.350589121313218,-1.5840433977948987,0.532519673095451,-0.8288427799357366
239,-1.7618100072983842,-0.7137712148499209,-1.4183330297190666,-0.09002496204294616,-0.9724072077794086
463,0.9544340600896251,0.5040860299633687,0.6897422056789995,0.37909602908671247,0.8709698624067441
288,-1.6843784150550742,-1.1888077625389202,-1.5486487634303967,-1.1913673898249941,-1.4003457758679352
43,0.028168876078794505,0.9418850535108274,0.011285562893893222,1.8093055441411419,0.3587645566253829
26,0.5379016396340641,0.6735646460697483,0.7297387427448281,0.5466653973533915,0.7234839416304811
96,0.397307905264781,0.7133910411475162,1.0735374374362274,0.9969938358689868,0.8359724333144505
173,0.24632280377293606,-0.03149132615580774,0.45151087504781445,0.7459613429614349,0.7051342098367002
185,0.36969556129975256,0.2609718153338908,0.5541735200964805,0.8440903655283207,0.4185061694646218
300,0.9850597918155883,0.7171521437282105,0.9681093157024926,0.6138231763965042,0.7501242926239673
320,0.6315729622466699,0.7801661113926521,0.7921041160352362,0.9427578769142126,1.0845137758507102
25,0.8035769677181136,0.47892606639479685,0.850379653547517,0.7403614657456609,1.01111873426688
178,0.692442783074615,0.8434400868071306,0.7666138296171776,0.6554990269469421,0.5458782043881597
358,0.795871304512793,1.0613431141155658,1.056152291665868,0.47549567982416285,0.951236716272009
400,0.6299096093450128,0.8614578566027848,0.9892951837454876,0.7970803735722201,0.9806602664773523
482,-0.588681630475866,1.176530505081188,-0.07745550939132285,1.6266006981038053,0.45092105422911616
563,-1.8592928189143703,0.41019363168298656,-1.20278200455015,1.547940644194911,-0.49672843078291873
97,0.8269850096283964,0.9724677907035397,0.8028415361998673,0.2479524177929713,0.9505406722687597
88,0.484759625941898,0.64877766991415,1.022749320877762,0.5937954503432623,0.9694254276944808
436,0.24262483162839876,0.8098617553784878,0.3744712695649582,1.513514483418413,0.8930977461659244
441,1.005834897912207,0.3045971653301323,0.9168697577859856,0.6925365918561426,0.843950250183656
111,-1.8104297587162907,-1.0618147711042112,-1.5492354222344042,-0.8503841651980917,-1.2641010120511373
521,0.5247728135802654,0.6850781669367277,1.1109657905159895,0.8258053640811066,0.9190549795658302
67,0.44157637300650643,0.9643745645199412,0.5884455485223645,0.9203255744679839,0.7766497206445704
36,0.7493512660187179,0.9321200812106816,0.9447825628950195,0.4667889857281463,1.0195744935898496
212,-1.9266117988392866,-0.4320023614927524,-1.379286697012725,0.09277440600226117,-0.7929653831897554
260,-1.5425919514906148,0.16631783120743748,-0.9723596869442501,0.9364105961177326,-0.3733260021885933
354,-1.9444788951134364,-0.42701182339900934,-1.4799686422003067,0.5679469764781043,-0.6044771156588811
377,-0.837615986300924,0.9623763764405828,-0.2572437409361546,1.5991788499117188,0.3240353303345408
255,1.0857011618731405,0.19298662789878487,0.6142189227582588,0.8939428345600793,0.29492107232386294
335,1.2257538707749096,0.4932328366774879,0.43209193875533525,0.8227658492215753,1.018525243684233
110,0.6513096123622303,0.3133686999076283,0.25463252750145887,0.47600221407967197,0.7890845997057988
282,-1.960744074782759,-0.5569827692180985,-1.3124532500800303,0.33434974669163464,-0.7729562211580026
382,-2.249706190144035,-0.28781951024451874,-1.3991236070937318,0.5832461599030243,-1.0441627695141913
481,0.9282480385372974,0.9262783912685106,0.8133428493068903,0.4679284130514048,0.8294166698598174
424,-1.2206085888398277,0.4323091251761967,-0.5126923042483291,1.6854977585511979,0.18336881095379065
390,0.877100294107747,0.5120441930182439,0.8864652778744724,0.8198603193945009,0.7913280712452423
478,0.8232674809789094,0.24929870077368751,0.961503794663511,0.6965602079888792,0.5757394290840401
379,0.9012735413620286,0.5108855690308626,0.8535160522593526,0.9113680384284653,0.3503454880626447
587,-1.4011569171657992,0.8492325249180597,-0.7038780278334227,1.702027588103593,-0.08784039212009485
172,0.5605397340090625,0.5286124252947829,0.6513587047509058,0.16227322042287498,0.15093913519727223
160,-1.6806107152733738,-0.7233796136941323,-1.6338757788442415,-0.6148183803765553,-1.300544466534115
339,-2.0031215012210994,-0.6494591465346913,-1.683190969963607,0.11421104280266965,-1.1635071640393515
165,0.7259383177922831,0.42978820414998375,0.4439885103581563,0.717413106750742,0.7775059506300357
604,-0.016823625953765728,1.0643424683565113,0.43222392676192795,1.3583457268566514,0.8509024929331905
437,-0.45583979133759206,0.870739020106639,-0.027531381045913364,1.7074021474992267,0.4783356418958098
609,0.93012623048033,1.1363232234583853,0.4440509513216565,0.6871147287561157,0.5054938146052194
182,-1.6334578315222341,-1.2556047214751072,-1.5070317427633946,-1.2112013415606078,-1.3560414315667104
152,0.5738624480616498,0.22465369908414654,0.6440314738922291,0.863367355486357,0.7578834464859044
578,0.6848992608010793,0.5644923452207616,0.8462871715757296,0.9320801024523199,0.7270576865664459
246,-1.7788559827415764,-0.06832382091713657,-1.2636485568527458,0.40621507406503515,-0.8848486761175336
13,0.3560702312336589,0.7428721822839744,0.3054912345839048,0.2617163219127902,0.10930644745245717
91,-2.3222901323455423,-0.6234540815521645,-1.844346092731979,-0.03542568410379826,-1.3231966116111207
331,-1.6414567626555032,-0.05621557411558057,-1.05736695665813,1.0809878130126613,-0.5561183086100754
538,0.7937263475840846,0.6291713855448802,0.8527675422699652,0.4047141312418234,1.0096753816885926
137,-1.4314674442852002,0.17843796994429675,-0.9741363580461788,0.46291056380853407,-0.610343772854945
312,-1.8861945682366192,-0.18326016393693853,-1.350943312118766,0.5315492738753522,-0.8518935235138503
512,0.563052829321101,0.6338084088967129,1.1545387994729086,0.5586401334126667,0.6717159600594692
346,-1.5417145084524826,0.2296990879705984,-1.1836450067991504,1.2208316169155033,-0.2528372423306402
118,0.5442008456283525,0.41205067258153605,-0.0875284527275627,0.25398638771288434,0.05793236845291011
200,-1.7380702342932857,-0.8316499640193642,-1.357052285926847,-0.31019304447559237,-1.1633727598590762
560,-2.2733956505243844,-0.7218737550958331,-1.7588338006105864,0.21306536051800762,-1.1649065915535362
543,0.4770333441935786,0.9930592436569128,0.6826808991677041,1.1716739627886223,0.7577959199218144
366,0.423694007739589,0.4827008808156188,0.8512743570330936,0.9932057873647954,1.0531470283494608
413,0.997258426255874,0.702896244127558,0.6268977292637399,0.8395129841935393,0.6199197953133849
419,-1.5200653132410173,0.3913641626062091,-0.9647116516970048,1.517152780068211,-0.030579842968702305
457,0.7969299836458094,0.7142371381570758,0.5600550735912112,0.7671434808030437,1.0141901332494823
226,-1.8124298885440118,-0.9716234322556816,-1.5407665445288992,-0.6280861943321663,-1.2759708869527218
341,0.9605395385088066,0.919486353924593,0.48636823338938984,0.5036995710904523,1.1452398992923203
363,0.6518564999914556,1.0384550724955057,1.0022233766902628,0.5434330886348738,0.42867651362723413
321,0.6061445748168772,0.7749357122346848,0.8596633684025056,0.7766281657278699,0.24847256864402492
576,1.265703611098488,1.0300090509286994,0.39324064743760057,0.702339416999016,0.9057035721512032
141,-1.4474672302517368,-0.26460399742237095,-1.3163140239821434,0.09825372353102421,-0.6111331574765986
23,-1.1257552386006962,0.43126119178923034,-0.4336458216636199,1.203735288105351,0.17206128824743028
298,-1.8019785366996093,-1.1896612988595845,-1.5834200098423858,-0.9955869045104889,-1.3623737324128022
588,0.5948480582171802,0.5691597158758286,0.6829819730227653,0.9022013817961752,0.9435205008050809
526,0.9136403112169195,0.4898224733652955,0.989213339918615,0.8959409177879663,0.6870036723943994
40,0.18603191534313096,1.259846723699713,0.7425130098591604,1.1376402725132413,0.6512097647516327
63,-2.2717454634487915,-0.2902626520494404,-1.4497002175952265,1.104541210755775,-0.6126857335803987
456,1.040095922808481,0.3992503146223369,0.788627456357739,0.7350916335706307,1.01513176284863
468,0.826910385504811,0.47604716892362087,0.570677912539624,0.9301616563059995,0.5925175842393984
580,-2.237031888250931,-0.5989322922364818,-1.8685461637630314,0.3019947898386843,-1.1240499583113295
175,0.8297665575322727,0.16585551926820088,0.5389877029727341,0.5556795290548694,0.3046065710733813
254,-1.1936765841346937,0.368985444969684,-0.6855186936768761,1.181626876631738,-0.35836437722534653
307,-1.7335200842264542,-1.1483804627569918,-1.5974655211705784,-1.0433691447329976,-1.4221308413126112
392,1.0658836519917587,0.5706100774001934,1.0899060121660573,0.36912606553571886,0.905320408309361
210,-1.5157638755419633,0.36783060362871334,-0.8888151305352586,0.8268734915161494,-0.19675687789364024
317,-1.7833169178276889,-0.25337023592479196,-1.274048331274858,1.0106968549364195,-0.6032243292230941
582,1.0744459616298718,0.85946840969446,0.7697636029697362,0.3540485439697933,1.0303178051695454
452,-1.8811205878528845,0.2332776224450806,-1.339604044506816,0.9909551246252742,-0.6833802054153929
451,0.8219385005376876,0.2540816569697949,1.1340954149300124,0.45069186279246537,0.9930050373371503
251,0.47059754554193606,0.957511626686599,0.7332343346588402,0.8427130391111544,0.5746986744917125
345,1.0853358567684763,0.4417301364970151,0.8027873336292661,0.8854894721468005,0.7087481760645014
459,0.38842594880775166,0.6273140723040667,1.0505096161458167,0.9704015471530714,0.48541711628229844
29,0.8605945917338419,0.7394376884775323,0.4521535663760532,0.9426209257303824,0.8082278943156159
385,-1.8684437030583934,0.05208028690219169,-1.3227344497557272,0.9914507630463596,-0.679583737436634
504,0.20954472908852548,0.5604028856894288,0.786909299755034,1.2285659807404143,1.005655274762121
265,-1.7369941363419024,0.14370042745660516,-0.9488606467169154,0.8110834878431058,-0.5753815447733652
194,0.27846285096888757,0.21314820808505794,0.6913119690784376,0.6969852628646265,0.6504598408090224
59,0.05152026850108838,0.7933675375384047,0.6774463331826255,1.6280063653480603,0.5976117154472034
7,-0.9381603209992048,0.874406586598513,-0.553063550573354,1.9597473188247623,0.025553483106959048
188,0.7144549337858371,0.5899544882646215,0.5508422803453745,0.6187561973069248,0.3612795623086719
253,0.40136301978970484,0.811147991464439,0.697114992513002,0.8845370652193827,0.8541199920611624
454,1.1702836612292546,0.7787111149690269,1.0772331927964418,0.4539241109934872,0.9563315176486751
198,-1.5941411092829143,-0.5681001703118702,-1.3794065779015536,0.22589557458817397,-1.0214928398521386
426,0.23917156133612044,0.5446934865856604,0.7906803337464644,1.087919148530178,1.0633374821640293
575,0.5895808237904537,0.7474482254777134,0.6221823178803276,1.1472542272231958,1.094003301698865
411,-0.884307887410357,1.048782733890178,-0.09217915222657526,1.5560276613568762,0.03544145512362062
370,0.3579956378412475,0.8706883093082777,0.5907109424356353,1.3532662286889343,0.48830268495307483
466,-0.45759802080941875,0.500114437211513,0.4686326071365271,1.7239727623427499,0.7875837449470299
497,0.8014362860380649,0.4401061035653708,0.7880393239563178,0.8221554072399971,0.7928701766527769
556,0.6821212636035662,0.38862660107829694,0.8381860711438198,1.1835975241671697,0.4487710211585671
389,0.469679953010707,0.8621192095361387,1.0394144012488704,0.4424039031204791,1.1779834731827439
135,-1.8542447052471418,-0.5724436138882046,-1.2984082678955233,-0.3046243329492081,-0.9589429036258338
316,0.9659915195025763,0.8068251954263684,0.6739609771254842,0.3683812354387882,0.6580791863384506
177,-1.623049777802395,-1.2334015987857292,-1.557676313960681,-1.1457516641285779,-1.3677045514937054
516,0.5155127425761823,0.7338831716428789,0.5174672260038948,0.9881818515343337,1.1586350828523857
552,-1.8959955037955405,0.30965038903076786,-1.0371396305731808,1.3915332686210884,-0.25421794891880856
515,0.7279343537499544,0.5869235575061812,0.7270771831189653,0.8488670260915383,1.1012459507291004
159,-0.35730260507554856,0.43980541850821514,0.25423677347514484,1.3107737207940122,0.4737313274313018
140,-1.7654683285717332,-1.0205027293107412,-1.4960773745167988,-0.8718900308349202,-1.3202400094932043
262,0.7757077955855752,0.2453831421250851,0.6042773918884267,0.7840868965720321,0.6956505817003183
240,-1.3425516483704123,0.28264783898776946,-0.5415853077776882,1.1031688126618842,-0.30573386916437884
568,1.168625059359311,1.0577598034858215,0.4958974054367944,0.3936642941280565,1.1593914044902218
533,0.9469778536370296,0.7804158345215862,0.7956549544562143,0.9275294295066254,0.4903793504030459
48,0.5297032186768292,0.5286694962519723,0.9249662110071336,0.6466649228072556,0.7961776503563102
278,0.45765217319854834,0.7706232031729203,0.3407838954457957,1.182356900571451,0.9547759580532222
155,0.7943537076970474,0.12435600988821248,0.524279782791541,0.33653790620326807,0.5929320436255945
273,0.6126517434480206,0.6615620195975539,0.5774315635534703,0.7952677412905027,0.5337159994242133
328,-2.0047039123902604,-0.6105369872799911,-1.4327753163311834,0.38518674679414877,-0.7519276328372896
343,0.2763432032377806,0.29642244487035485,0.9318726926053696,1.2094859995873515,0.8076896424510633
439,0.8201899473175318,0.8405635736725197,0.6855564041277356,0.763374155843637,0.7126646354519509
434,-1.9779167957191868,-0.3679914800100472,-1.3898977627517992,0.9300381563347859,-0.8734921527149148
21,-1.8250446447999173,-0.7716376920138901,-1.663371043700295,-0.3730377076612978,-1.2919553142407245
77,0.942791270343139,0.19325753747646005,0.6651243838810287,0.8159364856563037,0.35395543182675787
81,0.3272786992568642,0.3987291633273967,0.9472780318890608,1.1367333838156455,0.40195546939691645
18,-1.7794738282491882,-1.0026230160507095,-1.599611302374006,-0.6451349769400085,-1.1981285314187413
502,0.6629577054305573,0.5094686378343539,0.770499566097195,0.6319827658359347,0.8675652428105323
361,0.44852900082361263,0.6593265240524304,0.7259811677131418,1.3292651521700878,0.7495988998633252
440,0.8747538792605203,0.7104823778510562,1.2359391443337358,0.5427759670913368,0.724805760777865
606,-1.9583817502561487,-1.1213246328747513,-1.7583328194687218,-0.7895505439348934,-1.425574687982048
269,0.7391910101787902,0.791086859917664,0.9153609744019681,0.947515471268242,0.9643489650988373
602,-0.6709197395757961,1.04742733800656,0.07205174421142609,1.8539506921097204,0.14429161564113993
544,0.5164634114084116,0.5763698439132457,1.0624290424258878,0.8274835027784605,0.46477430156432326
241,0.9323372003434686,0.341875728217518,0.8249080883105427,0.9985703715957204,0.5423091391127602
519,0.6533485941169423,0.8315870722365017,1.128193143859002,0.22749886764247504,0.5179173635428902
593,-0.12042568598989171,0.8395234637299925,0.40127866464640016,1.6529937818852152,0.6218833926670806
306,-0.15545249979046658,0.7145599716024967,0.4634510099532288,1.6131203939689776,0.758790093469006
294,-1.981490045067527,-0.6021541677775928,-1.6665879238491002,-0.305785514731531,-1.2712242388398698
250,0.936439540118582,0.5443458392084272,0.4831111765544249,0.4329294853698473,0.7446457731879532
242,0.6396721937455494,0.25659041797336685,0.4726782770462307,0.6664250396030451,0.8226110025978883
548,0.9793901277418695,0.7203355472544929,0.36319628499980255,0.7316417482927766,1.1727721830405429
324,0.7447597950596996,0.7483049355173088,0.7209599941878724,0.8522629231545715,0.5136715456058277
276,0.6642015124424193,0.32244555186226925,0.48482717562614225,0.8727264321871573,0.750456855901055
183,0.8853045550242915,0.00032740069157103713,0.5963790514983196,0.6651498153421195,0.7184827428021063
447,0.4972068202101372,0.512609118846993,0.7326757127151091,1.2259213017878399,0.6309755839952081
171,0.26890678891574266,0.6653290921957744,0.5315462671624697,0.939504862597493,0.9104838814350973
127,0.5575455327212023,0.49032998763565605,0.5182771165895735,0.5137737896285887,0.046931391815241565
112,0.43353789543521676,0.5041906640271944,0.605585369873352,0.6598818821333673,0.3294913876473812
79,0.7408122332976979,0.7176790103249031,0.8064514839224667,0.7830849875457713,0.9573355530772067
305,-1.8751062244001981,-1.022300674552927,-1.6547868310765457,-0.675118224872384,-1.3723276874793424
249,-1.696787183901588,-1.2468957192756553,-1.577012531109031,-1.1344482077466853,-1.3720200646200909
16,-0.2601703447811796,0.5624561186862992,-0.24555409228131417,1.2864539110112014,0.21460863725389165
605,-1.8782959247607875,0.38284342208144256,-1.2637992472962218,1.529656643160882,-0.577830827547632
566,0.24207038329266672,0.9567723193188042,0.8673662652656556,0.8548547165241238,0.9063263693915148
333,0.45701799416979705,0.904670944511669,0.9672751397423791,0.9367425722325723,1.0607034874992096
195,-1.73493037128945,-0.25825559591384945,-1.0844657521579604,0.43750898666987587,-0.8943450132773441
17,-0.8225776298692546,0.3379432730828208,-0.32301845329098505,1.1040275584355421,0.01108467472312736
503,0.26654995434004586,0.9374079126654408,0.5834771005156509,1.1882657262890708,0.906855499806016
290,-1.9826421417751483,-0.3562157956457508,-1.482909367845753,0.3933528881931817,-0.9687976278209016
3,1.0398977037092527,1.051216125657246,1.2357708655910802,0.43617181061593424,0.99789073968766
450,0.847450105927181,0.8455933593633138,0.7183667106169884,0.7875304495892816,0.8326864202925752
98,0.21083706764006235,1.1037978381573286,0.8512990453442599,1.2693483714815554,0.6817659123663378
356,-2.0167973185079244,-0.5027934769506855,-1.5717556195384648,0.4608647065532875,-1.030328808058902
610,-2.4084103130164682,-0.4499839246047846,-1.770867159407176,0.30311357050393656,-1.237482817305543
95,-1.428201260867811,0.8251374897144903,-0.5930952729038511,1.7457091924145653,0.21855095394855956
487,0.7442575738803417,0.7977968218009963,0.919240578353009,1.0764381286967366,0.408488074723719
491,1.001780999759216,0.8655631736728935,0.7975452259869213,1.00280961008945,0.5467505061069845
99,0.7946202786815237,0.8236518195638478,0.979723651320016,0.69772118802515,0.6767831886429065
353,0.700022694402739,0.6418355376565794,0.6665330662524599,0.9765677605161415,1.0310291467495327
121,0.12173582929706413,0.279079547656494,0.6134858032745337,0.7380273500929344,0.7461542541612457
511,0.8403302467978656,1.1581209790651963,0.7352041566297253,0.5726973866241306,1.1904058463889178
338,1.2833436361597275,1.0206132445462677,0.8900312318089908,0.7353981931753136,0.5504623657612672
35,1.0338930790283634,0.35109964068013677,0.8454363614017939,0.6551808646897292,0.8285000701629011
558,0.8980881690118115,0.45435438824449625,1.0869521213221707,0.9880260670188624,1.0810380039969438
342,0.663184330967097,1.1592542080443102,0.7873656413335703,0.6479297677541931,0.6443193294270714
549,0.26701230271213555,0.6916553033416538,1.0121595100125615,0.8315246178762841,0.9680194587056885
484,-2.1680204988976715,-0.24224553307769184,-1.5830249284565254,0.7850059593022347,-0.7884341254878339
393,-0.6222007719728626,0.8973621773654925,-0.3238147240696919,1.633437101881666,0.031087117408749653
489,-1.9660746701413083,-0.9249875930580279,-1.7793087587107466,-0.418073406674554,-1.382979295881995
68,-1.669738869170836,-1.250645493871366,-1.572561582112538,-1.1515307239579589,-1.444751955165355
583,0.8970381048420363,1.064785224207566,0.6381547909120145,0.5770157950918603,1.0463647680468189
108,0.4233392014564181,0.9497780409244279,0.5829229771536604,0.736188272490037,0.6406298095835788
142,0.12231739421039642,0.7210951076804164,0.03390937665818954,0.32962386767088453,0.7313327769884354
553,0.3991905245955379,1.048716713867682,0.4717565363493697,1.1965442306681904,0.7191808346855245
157,0.5302680768695135,0.15613616318898535,0.6816362854218855,0.668848942679033,0.14010261603382215
427,0.46205687612729596,0.9523519314652745,0.6107682366621167,1.2123541880731852,0.633713261555489
170,0.34632607320846603,0.2349519233406923,0.8855656884619764,0.6792538303265585,0.21253163874414158
57,-2.2877422501532854,-0.49468432539802565,-1.7923732157703696,0.06989566626715799,-1.2910724625844499
493,0.6588275207155885,0.7313790067483554,1.0336442054770032,0.6518358189125041,1.0179933473216993
546,0.641532439561,0.9323404151664068,0.7565829418359716,1.069395765693107,1.1563992663143547
442,0.8882086177218553,0.45305388664584834,0.7124961030979192,0.7746541632276883,1.131979190692904
310,0.4351165091508458,0.6649733646165066,0.7603155193622053,0.48740433037663927,1.1175065446569776
536,1.0125008292202913,1.0458276501986166,0.6765533266351789,0.5719532658186663,0.5194572474185438
397,1.0263534559718956,1.1672442338151165,0.8186202648892095,0.5252218384213119,0.6026389642113544
285,0.6778198352410703,0.7630582430601084,1.1210094750382813,0.41591609869757806,0.6497822864539107
336,0.8249010004216696,0.4713012990232682,0.9451212738108077,0.6677443104771807,0.41027903095170487
50,-2.152178604769631,-0.33241519053048707,-1.7289644960061383,0.8566816593769404,-0.9358475049974629
151,0.6297962193497451,0.7518836112019741,0.7527374804631191,0.43941871599510823,0.4383296296427832
187,-1.8854062852305633,-0.5262168525516022,-1.3856760756504802,-0.06207513535606103,-0.7742322934227485
322,-0.4031703227664675,0.7230415789002015,-0.014990277201752205,1.5973674914142455,0.46834404289277737
267,0.4339021035419772,0.7817872270735565,0.908051249406304,0.5974136833031264,0.4551672397176517
228,0.6753579139651689,0.6198403600414921,0.9112156438559821,1.0038993784473353,0.5744694463878584
325,-2.0546733836721986,-0.3658313934822864,-1.4822551363003442,0.4945675966260052,-0.9177635113269924
395,0.9437950750029185,0.786340540856812,0.4412971791618001,1.107872498985006,0.4474497954570039
53,0.7341288132466164,1.121990953561678,1.1510775845045402,1.0431757369053996,0.705829672238737
535,0.6169885915535072,1.0326033637799354,0.6700314140057779,0.6090900154547815,0.8949626265315883
51,-2.3448022870074814,-0.34476617142008015,-1.7023659665583255,0.40829249237323634,-0.9303709892554143
270,1.1045920182214513,0.42075100420467726,0.7726063365913439,0.3511089060851182,0.4617929954384288
479,-1.5246272106435268,0.48136556523659624,-1.0484873366526957,1.6222659970208027,-0.6251229168522752
522,-1.8803088761054194,0.25452878295241693,-1.341469072156312,1.2572524587629061,-0.3904055055999573
418,0.6068426274581621,0.5884712636098077,0.34671896807630764,1.4864126897418415,0.7037870164808636
545,0.9045168282929436,1.048388081775043,0.5405095620710233,0.473821531159582,0.8552660275225267
381,-2.044380913156112,-0.8014179183892362,-1.6681168695024864,-0.2450921572311237,-1.2627346881582473
391,-2.1781834688328323,-0.5825678326163531,-1.5103761449647644,0.13337880315708783,-1.3076742237342416
458,0.8169377329656747,0.6782820301502379,0.890842678935548,1.1610120085482367,0.2790757689509731
509,-2.2237572266543677,-0.580201183480323,-1.8467741079023088,0.10163746678201946,-1.1968848660159668
75,0.9524866350607776,0.8935668182726929,0.9382669256649177,0.5129988350138975,0.7428761909038071
209,0.5767706217348337,0.1354131698655056,0.7006526656551774,0.5443461690255726,0.8201835537902394
449,1.0500884372232582,0.6453845791608906,0.9158955847162559,0.18444038011292185,0.9522383941114817
595,0.8121896859271946,0.3984117003674643,0.5706673949222291,1.016594309209778,0.42516532292951037
14,0.4354202543427317,0.5284082062765234,0.1676347245437507,0.5567990693362548,0.6779516367473769
106,0.38613409668860743,-0.06108558620991898,0.5533069003225936,0.6950712193408721,0.07631318209266136
399,0.8563393513267428,0.8512164598186861,0.4947840819955027,1.0087178129890755,0.6883833891720403
92,0.9930980763039701,0.47591266055465004,0.9267305769610394,0.6647361528671017,0.5061052210111062
268,-1.3382811817414555,0.34145190541179304,-0.44995402818670777,1.190929620647925,-0.0016116951279881915
574,0.984805649915694,0.7539255941865367,0.29616588947952543,0.3588069838958416,0.7892957016482091
33,-1.603894266262955,0.44418573655765675,-0.80364604663832,1.1811553923883245,-0.53268721096661
368,-2.1033999641673375,-0.6497913945395403,-1.7314177882717192,-0.2349049106924397,-1.2245799428158555
383,0.9931393875395979,0.5411061894061354,0.8832974805418864,0.6737367669450414,1.1454643243357228
360,0.587026613001683,1.000113007838776,0.5994212957729015,0.9135954159081043,0.721945437785875
147,0.5639017446694364,-0.13179032712851363,0.7868224955619696,0.20237030915906024,0.28868764082208825
128,0.41334919308405127,0.2231230906464258,0.3982675347746899,0.5925594261621185,0.14177190037323514
191,0.43811390211558693,0.7041047674358265,0.8750655706028156,0.9734367627627786,0.7460033739729786
304,-1.8046030868796998,-0.21444604692385996,-1.4831114244517778,0.5168726508462843,-0.7761386798535845
404,0.4964207518259031,1.1416716050058529,0.9797817404167384,0.6209692997055569,0.4621788977122853
190,0.8888238546252581,0.5584707516761569,0.33916851166396,0.6617521145349158,0.6645167975448247
247,-1.6514556694981033,-0.12484494297609858,-0.9484039704952363,0.7319364970045746,-0.4117934868580112
528,0.9821854830750207,1.0648631267990265,0.39753287284435396,0.9370596846030989,0.7130300888352523
309,0.023845871129511413,0.7277373181210567,0.7126029911867942,1.530077582085138,0.6567062658367815
608,-2.0444760931294663,-1.0190220977424347,-1.7346020771502626,-0.5807504855816776,-1.3978532552121052
252,0.9841994075808836,0.6128476574068837,0.4457087515900541,0.9177487219715058,0.7110378994847015
236,0.8904329907169809,0.3985939267463189,0.9851319656961148,0.6994483581213096,0.8047527520388259
295,0.9850044245367016,0.8859761693238782,0.6034848948465552,0.845645234021682,0.5304656275594062
531,0.46246385794541556,0.3880717879338488,0.831854109007056,0.46995858485950465,0.8417828571984837
162,0.429228611510301,0.31937564772456967,0.6002009700279134,0.2722337762748546,0.33357107408437847
429,0.8367506955275288,1.2261513618123083,1.094731186327769,0.8534335181516625,0.3977233980118166
124,0.5999017281399837,0.07684608904967302,0.7308267477144457,0.4804820094146997,0.536736574039545
490,0.1041369386440015,0.8334166367593737,0.2170246221764692,1.5838926796151782,0.9259745912451723
577,-1.2902598184615957,0.5963015903501309,-0.6845444817307369,1.8493649674904749,-0.18242905091895978
193,0.777844113221843,0.15911084498521036,0.675109978713157,0.334007898086429,0.4128380432004732
261,0.7167646342646704,0.6729162545424221,0.47944383954755954,0.7474395846147769,0.5254479262309424
598,0.3992173888149379,0.4533929384774029,0.3590039060379976,0.8667149166011225,0.953818748924458
30,0.7688370512530146,0.3059313969278603,1.040503508370279,0.6212129013970643,0.7602545233851928
85,1.0615638831067,0.5811926118080882,1.0888378304907491,1.0969057211856832,0.6157446118441786
84,-2.3872838642586705,0.18624745936399892,-1.39217809405148,1.0050572678921417,-0.9484511098411142
136,-1.114119196433111,0.5842109013494726,-0.2967822326773584,0.7185234319559141,-0.26071920707903573
259,0.2623421019192034,0.5747751395720366,0.9983635688954532,0.6121677312791496,0.9759196123359499
230,-1.5772622012929103,0.22538407429783766,-0.8042410969897607,0.6307311900657817,-0.5441094618697853
541,0.3777076588668547,0.9962251521165045,0.4538957400675654,1.223918300064659,0.7456684654784307
83,-0.35176067673534245,1.0324580945939892,0.2915746546766325,1.7307804728998428,0.5917050933166567
180,0.7834039599223659,0.45405354480259547,0.6487064748238998,0.7335951891794991,0.7184385999813075
78,0.7181135283052058,0.4993563089121681,1.0715054137407583,1.1078080238743595,0.7093756285834263
235,0.6751458017296431,0.36278211518188525,0.7697678590974116,0.9970500244208499,0.236966174815642
485,0.25760669941353553,0.5909159223830927,0.7324176725329951,0.663857496818189,0.7022277646813253
257,1.0338769339519018,0.4712684404942963,0.9264083686317366,0.6179313878889764,0.8191043348555425
374,0.8632293394938089,0.9426220002035036,0.8134619176213077,0.7087102754894562,0.7817287170154659
472,1.0302813435067955,0.42556539436699603,0.4825435651639052,0.6024782773290146,1.1347886542490102
109,-1.3380933003733542,0.0999067188279972,-0.7785202439360217,0.4571232055137279,-0.3230285655773681
60,0.6729185407556934,0.8485579619617772,0.5458659217260701,1.0165214556885993,0.5409339459012827
45,-2.223188977901665,-0.45414982080520444,-1.6709929488882356,-0.006896169042983325,-1.1553032708641573
61,1.0048153821195602,0.6855936852287418,0.6031725106542937,0.29310816140937335,0.6601181379876543
73,-1.796125071397958,0.26299479163113776,-1.0672073555404922,1.7227366118332526,-0.4411383847242389
501,0.7729929772073036,0.961540375757802,0.6034104325478276,1.0665544400407252,0.6315225852523418
20,-1.6994671568178836,-0.3602372507938636,-1.3681144293816077,0.09722616983035927,-1.0354730041263618
218,0.5515558420330429,0.45064704246917875,0.7044768451865798,0.8174386981960114,0.6977199906497452
499,0.6770889629535563,1.1555934921775484,1.1845181725054357,0.564220514390676,0.5929727404867977
529,0.5208810990545236,0.47739747703359814,0.5240674249616161,0.33144321777319447,1.074255499075083
224,0.6581042241900592,0.43420658327387873,0.379083719049738,0.7868854014211647,0.7142528838564217
8,0.5474767914487897,0.633304282891017,0.5268062005783144,0.8517157643035737,0.8586713705181889
5,0.7947321506909307,0.7432317328923473,0.7108247249024404,0.6681216508093369,1.0413781416217096
524,-0.7697711069268467,1.025585192842677,-0.35004040587447205,1.7561643017884658,0.2689140107778338
314,-1.2077925651876285,0.6738861975675781,-0.568452493490676,1.2350816123010258,-0.1428385018134255
355,1.0105860839262515,0.789749654975912,1.003025069590356,0.25271862696756425,1.0736834804303
38,0.4029192796930096,0.5905539787859103,0.7460166050277875,1.1000380070299955,0.6973431307385419
365,-2.1613002362567384,-0.47897370103336734,-1.4982237458555967,0.6686413490074787,-0.8197943970555172
205,0.7017866034347476,0.21816771741292112,0.3844516068421957,0.45444397269706854,0.3370115803656756
207,0.5582319083762805,0.1871125562308793,0.3369372126943861,0.5074352108492921,0.6824389916224978
296,0.7356748766764376,0.7124649488108198,0.30835118193018013,1.0939045688886448,1.0160908518303442
348,0.9836122548476048,0.45298612482168543,0.5783048512196599,1.14234912113047,0.4984567139265046
94,0.7770150081070055,1.0085933199046886,0.9456746294150183,0.7530551989939658,0.20406079634992597
146,0.2977900511357312,0.024542928688469648,0.8197922292780652,0.5122422344424169,0.4459627500854468
145,0.6818451569916397,0.18337553797215767,-0.08153082165108008,0.1888093510216498,0.4459986216404548
292,-2.074465648577146,-0.7259177304662429,-1.5323583844743802,-0.28902381262916815,-1.29830728725052
284,0.3074134576561845,0.7359677048954737,0.9759472766074153,1.0038814768453668,0.7526172920328732
362,-0.18974976591512865,0.6235395154517941,0.38386315515993047,1.7530264032302874,0.3919440439710289
158,0.3578894979207994,0.2687005751595066,0.45944146378021683,0.6132100444671048,0.3874376074027783
425,-2.0220538350470285,-0.5950141952590128,-1.7085622571226218,0.5057887429189515,-0.9614748329151336
115,-0.9810005171685308,0.47160510705510666,-0.5878514195018519,0.5914628101212954,-0.3948073324021567
460,0.45763211434163664,0.9184526278528061,0.4707091730243324,0.8986371941777722,1.0293666961274124
554,0.37656656999247995,0.9915452433065272,0.6895607607062686,1.13071080952516,0.7045763283740054
116,0.1297168709777845,0.6480230465180986,0.08270030951673212,1.0639149259154592,0.3215495980669426
329,0.9843046446092328,1.0167389741162849,0.7619569990277305,0.473988059234916,0.36599811617598466
211,0.39060321456241426,0.661825914192623,0.6379758683475041,1.263113423669567,0.623457349282093
474,-1.640414638223163,-1.2621415792283517,-1.5763663328081694,-1.243366013724851,-1.4607423818273606
31,0.7707477140310749,0.669765999062131,0.5171083515192716,0.4569611157689872,0.9360622256441218
107,0.07343638351612986,0.627904063249871,0.04743950482845528,0.5917612992963732,0.10305806752949302
217,-1.8526774003163309,-0.8854163711204531,-1.5864600544739311,-0.7954715343497082,-1.351960683932739
213,0.8173055433290406,0.7513118966043165,0.5100590622998961,1.1168345161218776,0.5977847678195944
126,0.3805356626326032,0.435343915370764,0.25232669631663257,0.1121081826111638,0.522775976035922
15,-1.251413942885351,0.12456084838935116,-1.2015668960549875,0.5934768983798108,-0.40325334179613115
565,0.3368786968592305,0.4898188349753264,0.684303173412711,1.1174414799370174,0.47350252896808687
357,-2.045323175758051,-0.527782146542155,-1.6108290708051711,-0.006131272197819315,-1.3124692494453976
530,0.9209346364243126,0.8817903107336651,0.46530767218508273,0.48989847709639034,0.27956634682450726
514,-2.2941384820340933,-0.49385013479117584,-1.7332182745378102,0.3967131675177448,-1.1037974670515691
455,0.5971819943463852,0.6370839340156832,0.7749691934379015,1.0817393532692752,0.6548811029764822
579,0.6894802513216717,0.736741673689322,0.8546719117167572,0.9980871614164902,0.8669522153729202
42,-2.197734616694212,-0.6102094910563118,-1.6819941479030833,-0.04154737128653628,-1.2334253363663923
114,0.26895256756469593,0.07102303641381591,0.34544365740580996,0.2891465374517115,0.42331802676015834
231,0.4254742062629968,0.5613739714800183,0.5064369808994158,0.38518349187473866,0.5038435845610095
293,0.8505978903899206,0.8176460974576981,0.5241194422379735,1.0849910108715626,0.4000829684086178
378,0.7180151893434451,0.8056119756616332,0.6869333018087214,0.6726407486956703,0.8613287885532539
446,0.46218298286030146,0.7200982165563123,0.3469488594535988,1.2331683999125018,0.809883516878025
464,-1.1336221812859788,0.6407040868344002,-0.5939401103057651,1.781779725298154,0.23588027704518533
238,0.3693527803734762,0.6419484205355372,0.7193693010237554,0.520480194770788,1.0273914637056611
337,0.9247028339554663,0.48034910986839996,0.6568649253034511,0.6166421204695322,1.0374294755435174
102,0.7391379254463272,0.3262570622832982,0.2153207280798172,0.6653447763577183,0.47359860664920306
432,-2.096131744914508,-0.10745972385506973,-1.4734280051815227,0.7633160231085024,-1.01850124475459
371,1.1767088637777667,0.610539042400794,0.977251023544501,0.7451306708216735,0.5974791439149016
559,-0.7665883664395104,1.05836020294936,-0.6148742243757598,1.791991253416337,0.01202666827997945
56,0.5652390782385943,0.9482214235656097,0.6774412347298505,0.5878869204703656,0.8608638380252348
277,0.5957450644535323,0.7525804627550321,0.7912314692309713,0.3640550531339874,0.675770661428131
27,-1.1353998293274328,0.4912525434092123,-0.9589502852964207,1.0541589577387174,-0.3049362355518299
540,0.9115980668688431,0.29209820934426645,0.6763757949758803,1.0620130304303543,0.7752783724097907
89,-2.50172845433413,-0.4063188564445513,-1.9054967136498218,0.34820403634351443,-1.15603442169985
420,-1.1802873152361708,0.45316794521300174,-0.7290576792463168,1.6849823940342192,0.25058272867373427
271,0.5598513011730109,0.30874502026507217,0.8415325919305922,0.929241029278806,0.7937274072817113
569,0.47055550021469317,0.8198111471669098,0.3162864911666705,0.8399416739399068,0.4286272661464074
150,0.4181081765253081,0.21542013235745594,0.40246521526465817,0.2604029439554793,0.7015630611456691
344,0.4418089745649584,0.9348681840489932,0.6188716413111197,0.4929155159500846,1.0059612509507678
71,0.7048835764710637,1.1740449397427652,0.6449786247531379,0.2930843665696483,0.7406218688287558
286,-0.5622638030768136,0.730939134470528,-0.11898631288567213,1.3424520689597257,0.19913453673331563
291,0.4331761471146668,0.3311226046179572,0.9547542704752533,0.9875287397613581,1.0400763080346895
550,0.7569214789570935,0.4726183032418839,0.989735501653728,0.5154184611091962,0.8586723263925266
415,0.330127970849344,0.868511809295604,0.41150379193973596,1.1601638388312545,1.045300368953088
227,0.16719784502718887,0.5031329678912939,0.5554066418749317,1.531966284802307,0.6376325865845569
244,0.3118063526792837,0.5970736431633937,0.7339460720644706,1.2294503568598534,0.856729965627044
264,0.5641703493045008,0.7065892150718117,0.4040322803735384,0.874256188910547,0.4718347418428061
90,0.7003479378089865,0.5621661770810558,1.2308963900778642,0.6400473892027122,1.3088590557614814
443,0.8320777150621442,0.6452706723659928,0.8897986652965755,0.5289207493202556,0.7793848769832846
430,0.9903541867436699,0.695055615567843,0.7451310482950655,0.7123154105245291,1.011870862029439
480,-1.9066994660823025,-1.0401510884451481,-1.6398386382394703,-0.847438662455524,-1.3662552045047076
164,0.1897220404596179,-0.11541093042137915,0.5836626082782441,0.7883272747838556,0.5496207746914702
214,0.7825683206726618,0.9569183429787776,0.14553473932885924,0.28233336643305834,0.574223520316598
352,-1.997979751461828,-0.37659249967439723,-1.6147153907133116,0.400297761899118,-1.076457878013239
283,0.7178587972471417,0.5189517449225173,0.7055105010385587,0.9362660152005284,0.9837059984570871
405,-0.3228742607046178,1.0395469035658988,-0.11817382911978741,1.6380280869078643,0.3101919389235032
403,1.2202738063195948,0.285741116274942,0.6590436537904266,1.0737619123166802,1.213698840226311
237,0.4396564809012647,0.5103636524257578,0.45699593066022154,0.8393809630085762,0.861746819707318
274,-1.571136735365439,-1.325317376676071,-1.525379450557117,-1.319191380051321,-1.4414311651907366
334,-1.6410668941824438,0.043907104685648846,-0.9933305778358862,1.2720131601258529,-0.18788025140768622
234,-1.7002117541872115,-0.22963258702189351,-1.3822106018887326,0.5525392703599228,-0.7599177041594776
496,0.8279167305826081,0.5769940440461666,1.186744027051352,0.5866259911913273,0.564630108255071
498,0.33785837236664057,1.0591431983889585,0.6531016942655857,0.6990183239463295,0.8420530059903714
184,-1.2274479909586011,0.4425582209584272,-0.6963524613348725,0.8835217320129224,-0.360924442963586
308,-1.118533540654039,0.6409337443833092,-0.15027026656660228,1.2977187400834866,0.23669149973460005
492,-0.01201375940409419,1.3397343709919431,0.408176133650324,1.5097972732159997,0.5279372983475648
326,-1.3100007526423918,0.4843322897874273,-1.0432852536271955,1.2782882087884997,-0.4189073117302035
72,0.9620819934237617,0.5476005245440327,0.630175678341816,0.8451379167223092,0.7187423513128359
149,0.8360712208430621,0.1762009085093261,0.526659245036562,0.7914953568173638,0.4320322849417582
248,0.6747198784436664,0.31923963405514943,0.8134468135012046,0.4641948737810271,0.6828687751289977
318,-1.8406328075044835,-1.091800740945107,-1.679513275787688,-0.8427351847689575,-1.393303803859073
510,0.16235357467410147,1.1271047341631233,0.4697908932670523,1.3037976300156187,0.8154408259836853
22,-1.2435272309921357,0.5305459916446513,-0.4267243527290299,1.1071051848916311,-0.0740983640564792
117,-1.519049285040168,-0.24626408190367563,-1.0492619019368201,0.34965150695230096,-0.8920814816559186
222,-2.0028605321870034,-0.4029963601526639,-1.392364071310836,0.23198994748706797,-0.8519627547727215
417,0.7175323717169712,0.6590797705419568,0.8179232837293096,0.9052468176953599,0.5624480861910359
64,-2.222066684629957,-0.6682036265456941,-1.7744677428028701,0.031853547523256504,-1.344732139134036
313,-2.0242235860694837,-0.5213492408421804,-1.5179594165104293,0.07942424342226323,-1.2215532019171258
539,1.2423467606640168,0.29222660424568137,0.5323647318277291,1.1238950722726613,0.636487507360701
589,0.6456439759297458,0.9142182792846486,0.5043994667302873,0.6480113027913665,0.8521294903315636
376,-1.1615234182501186,0.4577902711731752,-0.7667875906857597,1.4490341541606038,-0.11281894881035304
69,0.936562720907585,0.5166632169798898,0.5027952564247721,0.9776233702814769,0.5427524253883147
359,0.7445105014882474,0.9151395603384118,0.6561702640928468,0.7027274443797594,0.6404626190030382
409,-0.6734270250462048,0.8149885356189881,-0.1520174618594084,1.712895802882991,0.44605673618397373
375,0.5836842497472161,0.6860011955554198,1.0559247748476375,1.1385388296163421,0.6318355943960074
208,0.6714452695892199,0.33633206629441514,0.8553314496632337,0.3987064683673076,0.6681182955714489
471,0.5972290794051313,0.35299441632766104,0.9408543120152123,0.8705680727204534,0.8717072720207875
12,0.17396265299280939,0.5397556857427139,0.3484725004693769,0.4808897202444825,0.3588258480713073
58,-0.33034105851447704,1.104890742082229,0.5909999026828517,1.4464135424130953,0.6709580368939688
65,0.4740194593175293,0.9424000936553402,1.1262471090983919,0.5254872750472473,0.691810156649966
133,0.41565787719412706,0.1577175393426059,0.5405402668374225,0.24339515215267357,0.4579442375600967
46,0.7408820467262244,0.835157587258244,0.9006105835334279,0.6201417366957372,0.8101467718593698
129,-1.453215894848331,-0.3055314260040726,-0.9408823321615619,0.388594056036016,-0.4076046177254683
6,-2.3466755132188597,-0.06513531996206048,-1.5379175253545114,0.9257517041518656,-0.9735124011409627
186,-1.666612485840241,-0.14403218080542002,-1.429291491447694,0.13349647740400894,-1.1001240096668268
203,0.7140737545138942,0.5445922211177021,0.40098711598171816,0.26516073418764435,0.4138993573255518
39,0.3352126470147752,0.8889077830043809,0.6115848085387562,1.3732708302507115,0.6202462952126769
591,1.049498851175597,0.6118695247224448,1.034287401736061,0.8371369436018177,0.5209964831388255
243,0.8179682125095404,0.6961523887787805,0.48904136716072416,0.7427607938181616,0.540772243677947
542,-0.04511889661238157,0.6427568981383167,-0.0927686502858826,1.768091109075092,0.9022084168869726
500,0.4567537030015095,1.1231517801090167,0.3909340550201268,1.1068994195237578,0.7676066915444449
412,0.3585461422776101,0.9829710380862207,0.5705705540461958,1.2235176538598236,0.891164623282599
534,-2.25430920741255,-0.6880480282086424,-1.8078998096122216,0.04536103362444733,-1.2977925787567406
398,1.0043976462398345,0.7782054780123052,0.8071528646481092,0.6562950723317241,0.9477687513991633
406,0.9262512723097845,0.7073997574917275,0.70089705268368,0.553618659795086,0.8152929370852889
297,0.6310780120886288,0.7865653139269976,0.7261521903914624,0.5411394483795714,0.9102100470785417
494,0.3209788635206869,0.6470993244143854,0.8030558596654354,0.7732020717969893,0.7139002765950623
513,0.7161924835067287,0.38394734709081496,0.8406881284846852,0.31798468695560583,0.9691605357537757
347,0.5088819885424339,0.38717313961698546,0.7291892919783313,1.001106921844336,0.5744422249593173
349,0.5971611639559968,0.9324709928740115,0.5176106145148659,0.7722019461706053,0.707299749459983
32,0.3585842798996659,0.7134088245374758,0.3657834126048374,1.5094777540026862,0.7535274839397704
407,0.4167497391547306,0.5783631580517254,0.9949512818119151,0.3496786105884874,0.5317758552467423
281,0.6472529657959742,0.7306731220746555,0.5013782769330827,0.8463616378201957,0.6870256999514954
445,0.4594593261847346,0.9302327988704133,0.33806375123939164,1.260810030894936,0.5664914309987488
19,-1.7513290760175733,-1.0044763196610325,-1.5725682189979358,-0.953076561830635,-1.3784252637680388
517,-2.256716579658265,-0.4244257263561941,-1.8461274973710398,0.29542355941955684,-1.0517989167754915
572,-1.2172639370485665,0.5653546759381781,-0.5741586066991832,1.8928843972373102,0.019441357366213212
74,-1.4332963903208658,1.0774577757668866,-0.6377432334198214,1.7375059288560244,0.07274958067108905
373,0.12876141460970886,0.9856114353870404,0.5826294273572402,1.3146118646164637,0.6758395512826962
408,-1.323021026771186,0.45467787863450343,-0.3820141004968242,1.681078358582689,0.09367242144603714
153,-1.6092147438426136,-0.1973713389883457,-1.2063711424148926,0.34262974953930025,-0.7632955657888701
597,-2.329623135046359,-0.4617112406067992,-1.8594729213172903,0.28973386482516467,-1.1644552606059604
34,0.5460534089521858,0.6094463284226496,0.883978521067317,0.8952313021418183,0.9334616075084824
199,-1.8511957252695388,-0.7101629997261838,-1.4196684618130335,-0.37769108593600303,-1.1758873475382194
272,0.977571642246957,0.5993587754535626,0.74567284333098,0.4114507747611929,1.0124882703416793
367,-1.8458583590839739,0.16527038028307428,-1.0926703757586564,1.0863799856794722,-0.5943954941800933
483,-1.97036156147882,-0.9527716968257416,-1.679227360631612,-0.6617472276440524,-1.3790884253726015
2,0.34322263966894356,0.5043312301646774,0.26312588458195935,0.36525035999978656,1.0178947394344064
113,-1.5261762666243646,0.23187619410487598,-1.0343660835106165,0.6175680518649528,-0.7154974609701269
44,0.915518916011386,0.33641480758076675,0.8859065525714888,0.7918763635795809,1.2135766208398266
189,0.6253113156103524,0.6450800699900355,0.3607144694408983,0.5246197347254279,0.24857924537118334
287,-1.392827213018568,0.3440474519421121,-1.1121405916263567,0.9950503238842874,-0.559582278541696
104,-1.7637868071616047,-0.45094422361795783,-1.3334063778407026,-0.3801727803560756,-0.966073149242669
388,0.6077493570159488,0.9340222654727789,0.930395761805803,1.1243002755574785,0.9488578266424552
495,-2.153890937827025,-0.14159653544523668,-1.5379562716708237,0.8500704022834836,-0.8129817782535348
143,0.4571555477542204,0.5293029955732735,0.7812434110344134,0.7593363491290577,0.8368540167247859
465,-0.0699226111553549,0.8388516756854187,0.3245170851038894,1.7360231222691225,0.6883302466436095
219,-1.7536373272785302,-1.0050954505856233,-1.516306560796332,-0.7619227338638233,-1.2657735386107822
52,-0.622705806419131,0.5031165390864198,0.11518050744215269,2.028546501279707,0.3972228191796952
156,-1.8608552099226219,-0.8258607116480726,-1.3679592677549481,-0.3925358790699199,-1.2880960713944962
327,0.9113990418406481,0.7714531163070314,1.042457377130526,0.8056389976196063,0.7249148750636628
101,0.30003097560527,0.6093952913892395,0.5010308018159467,1.0295389445962981,0.3956400763436482
323,0.39116444534148803,0.9963054232762456,0.46987864081268715,1.232849981193562,0.7831500493692247
144,-1.4473433920123895,0.004723687815312471,-0.913801926563594,0.7622899050482769,-0.48758307337794554
181,-1.104207561369072,0.6265488120200059,-0.73684648046841,0.8092996906884969,-0.07629586089226564
176,0.338357509006343,-0.012214523812119958,0.6650562553349553,0.2494184810283159,0.47424733088152177
581,0.908072064431296,0.883352518076769,0.5297425011192786,0.5013764488060691,0.5728994523804999
421,0.978323007787677,1.0363842556475085,1.1870521278530781,0.4193379703964002,0.6814124489961189
223,0.748872299620064,0.5617233642510363,0.8864581870690749,0.5700321871350983,0.7511607945189961
585,0.6309817920197616,0.8198277110417777,0.985927966905555,0.6259242906789044,1.0335867288092384
448,-1.644314185066637,-1.2894073143975433,-1.5598731863916822,-1.2393823675937583,-1.4583576318314586
364,0.7747028865030959,1.0228387387197657,0.26908307786590363,0.6301421035784723,1.1051046686924446
132,-1.7362415338707244,-0.7777056476557715,-1.421078770923428,-0.4765905482233798,-1.1047923018983767
384,0.6384175690815961,0.6683793669922093,0.5368244298307103,0.9864610486789442,0.9794587413690747
76,-0.4413048489630686,1.1837291319556067,0.34450814351525666,1.7346308627847737,0.30571635124177726
351,-1.3558931736270403,0.5643639179374123,-0.7641137140695985,1.479891893866641,0.17387116940046182
431,0.44455234137815713,0.9861386700954343,0.9487988554458732,0.6120888367295394,0.4545512101552891
586,-1.886039543722,0.3966497797454178,-1.290902901348164,1.4283802288766818,-0.38406560977019716
163,0.4465357969950204,0.6585316150415647,0.05610588265532219,0.5310489498939871,0.5392131753661566
279,-1.5168124724906298,-0.03100271339939607,-1.510740106484849,0.9202555537674239,-0.5807719627590655
532,0.8149103250452978,1.0219547794393786,1.179164914024556,0.5662479177737231,0.5131524541350808
332,-1.8860254796159686,-0.31298637940599433,-1.5378214288105867,0.4534608524558425,-1.1388734184646065
422,0.6394218309759591,0.8739429870437299,0.4756204781756475,1.3144173029690747,0.6627300612694232
414,-1.39221622653146,-1.38458841784073,-1.4394658343732245,-1.5129351767536898,-1.4526287541004514
444,1.0271208218797347,0.4880185713456271,0.6007373574263158,0.8439293667565773,0.6370803398068682
350,0.8527855220247953,0.9114484981906599,0.8788491316656858,0.8311715780418254,0.5950107283908037
148,0.579695835564901,0.7083702920181787,0.22758086843481762,0.360823588197246,0.6008017113775216
600,-2.1197047223729832,-0.8963727510354597,-1.8329308321509945,-0.4639894125953528,-1.378031689362687
245,0.5635648715721537,0.784878049702725,0.5146214419251207,0.7949117496993588,0.998766868454053
603,-2.0712966031669344,-0.9957038368333271,-1.789954721128236,-0.606472577031672,-1.44434161623185
402,0.8565348793468954,0.9052443240744633,0.8163082649444995,0.7213758156637792,0.8046066571436733
123,0.3198136240061678,0.4616299514379785,0.45381555315792677,0.8756758215785563,0.6501721288850816
315,1.005504381711254,0.5671389210888246,1.0718851162355454,0.4668896122973315,0.6999705450892385
179,0.6853890175187913,0.4833858343016232,0.6858422615071903,0.6599616796728281,0.6647237114111586
80,-1.1924723836379825,0.8123562026344522,-0.794469626231697,1.831373166657494,0.16008228722221463
24,-0.6864076537442986,0.7136514251975546,-0.128322516178106,1.3574605410781868,0.14150141936959718
525,-2.247693513696708,-0.7770419386593057,-1.6889375162176625,-0.0027354065100173687,-1.2877469520557712
488,0.3111797300485099,0.8178890601109042,0.21022400804476232,1.709137895492934,0.6572677361730259
49,0.4841868934691662,0.49936461714646746,0.9927480512734655,0.5222619520792741,0.7056905047427515
386,0.5129455053838434,0.3198252608440128,0.7534237833286211,1.0254744764916286,0.8449320168101492
570,-2.0182860810205394,0.10835424401031966,-0.9953309708670656,1.38293006627375,-0.2954375696140235
470,0.10542763530597017,0.715098000527112,0.6519782099436197,1.3259153948304032,0.7380333113489758
100,-1.5852609653118201,-0.30745181196702287,-0.7410165793737963,0.2860726429841335,-0.5560620275088552
557,0.8611943515323011,0.4095065399604592,0.24933901759527832,0.9311225802014177,0.7420074645719413
37,0.8603868418860251,0.2837137194449442,0.7607996023448986,0.765322788717226,0.8030786660111862
601,-0.007110656919347111,1.0243898387269401,0.3326339720941544,1.4986373131155497,0.6364063911508945
467,0.5651407628339417,0.8330227786280665,0.6744286616819917,0.5188572977150582,0.9702438160591355
4,-2.0261454776221806,0.13960466092438226,-1.355490703309894,0.873673495850262,-0.6278965402929948
537,1.317361588125429,0.6894203298525727,0.6415131662245348,0.6686066877708404,0.5675072770110864
196,0.5428193476159857,-0.07145457207658343,0.7529828403020647,0.21249939140697457,0.6410429964111776
469,-2.1961841574112175,-0.5942377272833511,-1.7032043195220303,-0.0749302579402495,-1.2981294470568332
433,0.6137400773266448,0.6508760573204695,0.9728336041209191,0.960708644632037,0.46049728754505176
275,-1.9798460167386764,-0.6647632964196903,-1.655051317269076,-0.12423569117240281,-1.2326792970165745
256,-1.8092175710505296,-0.12140788380493146,-1.019181205980749,0.6694202501222117,-0.460719129577861
299,0.9058749607939693,0.5602345091997852,0.523717743583368,0.5706240436027826,0.455518698646364
225,0.42617253315919734,0.9456754719915322,0.9589472455822371,0.6576222367475136,0.5681867043867743
584,0.32363687483181797,1.1267162975171883,0.673602882022444,1.1269005298144388,0.5583540095064331
192,0.2295392304068708,0.17747635237131976,0.2253929025890791,0.7849465366143045,0.726802110694937
86,0.6603558730295159,0.7511467900371653,0.9123264746036177,0.7636799421377893,0.9327542623836574
302,0.7651403138643113,0.9475238638832921,0.7641986531346066,1.0730535027325834,0.9691759549422896
82,-1.88497238603039,0.28824790448241067,-1.3836949785619628,1.488501304601692,-0.573321956601414
518,0.687908924230684,0.7220492086057976,1.0561835944686766,0.9821163303308805,0.3178798833631562
330,-1.9566982777232227,-0.5059740484153622,-1.4681392313987922,0.46362654770980505,-0.8341952028297301
221,-1.9550445299801609,-0.7127788471767196,-1.5207475531631571,-0.015022546370137847,-1.0246294691215874
131,0.4922368207665696,0.7499503565134201,0.7566634264175311,0.8664438253051546,0.2560522203623893
462,-2.2530400441853975,-0.6913430346931246,-1.801681859815067,0.20209003262686018,-1.1669926914638242
105,-1.6633264009587976,-1.1513909283722663,-1.5600516031814813,-0.9411786471377314,-1.3608771472008898
527,-1.6307503656534503,0.8439944040148315,-0.7185830154927824,1.4785880886324512,-0.25887615578424183
47,-0.9646131510481188,0.6185572736065321,-0.264788681850558,1.8802049634276612,0.05254986555005776
567,-2.4104944898208336,-0.3725393406565632,-1.7478170935757886,0.640125682939559,-0.9945611156643925
168,0.2515643877579427,1.0606820932706515,0.3525431784727007,0.8712434579664842,0.6738300964626817
167,-1.5728322283366731,-0.3548528853621104,-1.174624133588214,0.48421830555798484,-0.7587659790788642
174,0.7195468158126009,0.4366659132393813,0.49547253451841006,0.5818119975635913,0.7240205943370396
258,0.7295034965288998,0.2697378747697363,0.5762379127241932,0.9122706129137946,0.4967038860252841
103,-1.6100271452595836,-0.7890057034695531,-1.46487555381883,-0.544987428981369,-1.280835821992054
303,0.812735610885397,0.47048383522949416,0.9591835136006006,0.422202112706988,0.38620370305026647
592,0.12412045716972452,1.3144293042522346,0.38407218992235875,1.4861185556705667,0.30280038946338245
